{"cameraMode":{"drawMode":0,"name":"Shaded","section":"Shading Mode"},"sceneLighting":true,"audioPlay":false,"sceneViewState":{"m_AlwaysRefresh":false,"showFog":true,"showSkybox":true,"showFlares":true,"showImageEffects":true,"showParticleSystems":true,"showVisualEffectGraphs":true,"m_FxEnabled":true},"in2DMode":false,"pivot":{"x":676.7609252929688,"y":224.39918518066407,"z":-19.81603240966797},"rotation":{"x":-0.19114549458026887,"y":0.05267969146370888,"z":-0.010274311527609826,"w":-0.9800971746444702},"size":361.9072570800781,"orthographic":false}